<?xml version="1.0" encoding="UTF-8"?>
<!DOCTYPE suite SYSTEM "https://testng.org/testng-1.0.dtd">
<suite name="Suite">
  <test thread-count="5" name="Test">
    <classes>
      <class name="com.TC.placeorderPageTest"/>
      <class name="com.TC.SearchProductPageTest"/>
      <class name="com.TC.RemoveProductPageTest"/>
      <class name="com.TC.CatagoryPageTest"/>
      <class name="com.TC.LoginPageTest"/>
      <class name="com.TC.BrandPageTest"/>
      <class name="com.TC.contactpageTest"/>
      <class name="com.TC.TestCases22and23PageTest"/>
      <class name="com.TC.ProductPageTest"/>
      <class name="com.TC.CartPageTest"/>
      <class name="com.TC.SubscriptionPageTest"/>
      <class name="com.TC.scrollupscrolldownPageTest"/>
      <class name="com.TC.TestCasePageTest"/>
      <class name="com.TC.SignupPageTest"/>
      <class name="com.TC.productQuantityPageTest"/>
    </classes>
  </test> <!-- Test -->
</suite> <!-- Suite -->
